series	model	package_revision	archive_url
RMD-X	X12-320	260703	https://www.myactuator.com/_files/archives/cab28a_437d9139632349b4b59b890b301b2405.zip?dn=RMD-X12-320%20%20260703.zip
RMD-X	X6-60	260703	https://www.myactuator.com/_files/archives/cab28a_73ee2277286049bf9fc71ed18f7dec1f.zip?dn=RMD-X6-60%20%20260703.zip
RMD-X	X15-450	260703	https://www.myactuator.com/_files/archives/cab28a_f1eba578c465415296406d06cf3feba5.zip?dn=RMD-X15-450%20260703.zip
RMD-X	X4-36	260703	https://www.myactuator.com/_files/archives/cab28a_55831324f44f494c9d584df3dfea731a.zip?dn=RMD-X4-36%20260703.zip
RMD-X	X6-7	240403	https://www.myactuator.com/_files/archives/cab28a_f7b799404a994b8c92b31f93e56f9210.zip?dn=X6-7-240403.zip
RMD-X	X6-40	240403	https://www.myactuator.com/_files/archives/cab28a_339d07f8f12849e19115516ec2ee69b5.zip?dn=X6-40-240403.zip
RMD-X	X8-25	240814	https://www.myactuator.com/_files/archives/cab28a_85824a1893de4b058080c363664a1c9f.zip?dn=X8-25%20%20240814.zip
RMD-X	X6-8	240403	https://www.myactuator.com/_files/archives/cab28a_dea91bce3ce54bb79854e78cc7f79afc.zip?dn=X6-8-240403.zip
RMD-X	X10-40	240403	https://www.myactuator.com/_files/archives/cab28a_3b056e2d89b0455fab5e14164e82937b.zip?dn=X10-40-240403.zip
RMD-X	X10-100	240403	https://www.myactuator.com/_files/archives/cab28a_ec7248117963481faafbb6fdf7185e5e.zip?dn=X10-100-240403.zip
RMD-X	X2-7	260519	https://www.myactuator.com/_files/archives/cab28a_a8be185812d94daca249a7dc923ebe56.zip?dn=RMD-X2-7%20260519.zip
RMD-X	X4-10	260703	https://www.myactuator.com/_files/archives/cab28a_026a233a507e45bdae0b607526d0281b.zip?dn=RMD-X4-10%20260703.zip
RMD-X	X8-32	260703	https://www.myactuator.com/_files/archives/cab28a_7bc7b6be06384702ab3e30b2f911b91b.zip?dn=RMD-X8-32%20260703.zip
RMD-X	X8-120	260626	https://www.myactuator.com/_files/archives/cab28a_c2d3da522eba4448a67b2b2aef6f434e.zip?dn=X8-120%20260626.zip
RH	RH-14	260617	https://www.myactuator.com/_files/archives/cab28a_3a2517103bb14422b301c0294f701e6b.zip?dn=RH-14%20260617.zip
RH	RH-17	260615	https://www.myactuator.com/_files/archives/cab28a_aaa80542e6b7493194e6ce7844050e2d.zip?dn=RH-17%20260615.zip
RH	RH-20	260716	https://www.myactuator.com/_files/archives/cab28a_1aa64b91843b4a1db4956c2ee90b62ce.zip?dn=RH-20%20260716%20.zip
RH	RH-25	260617	https://www.myactuator.com/_files/archives/cab28a_0d37721e151d49d9842d41d6f806140e.zip?dn=RH-25%20260617.zip
RH	RH-32	260617	https://www.myactuator.com/_files/archives/cab28a_fe6ac293762d4685b9daee64e66db942.zip?dn=RH-32%20260617.zip
RMD-L	L-4005	251029	https://www.myactuator.com/_files/archives/cab28a_b4ad77e81773460499615510faf13004.zip?dn=L-4005-251029.zip
RMD-L	L-4010	251029	https://www.myactuator.com/_files/archives/cab28a_1bff9a88ed6c4091945b02a684f96777.zip?dn=L-4010-251029.zip
RMD-L	L-4015	251029	https://www.myactuator.com/_files/archives/cab28a_3a4fc7731e424dad80da11f30d878355.zip?dn=L-4015-251029.zip
RMD-L	L-5005	251029	https://www.myactuator.com/_files/archives/cab28a_c35ed01c7b0d47c5b7e25ed70ed57edc.zip?dn=L-5005-251029.zip
RMD-L	L-5010	251029	https://www.myactuator.com/_files/archives/cab28a_bdb66aa139944eb5937a72ab95e48457.zip?dn=L-5010-251029.zip
RMD-L	L-5015	251029	https://www.myactuator.com/_files/archives/cab28a_faa9a45b0d0c48bb8d03471e5be8733a.zip?dn=L-5015-251029.zip
RMD-L	L-7015	251029	https://www.myactuator.com/_files/archives/cab28a_da333fb383e74af4ac6e9e89d8dcba32.zip?dn=L-7015-251029.zip
RMD-L	L-7025	251029	https://www.myactuator.com/_files/archives/cab28a_ad8f5be9803a4ca7b3d3cdf4497fc5e1.zip?dn=L-7025-251029.zip
RMD-L	L-9015	251029	https://www.myactuator.com/_files/archives/cab28a_cd7bf5d0f3314c009d4453635cdb909f.zip?dn=L-9015-251029.zip
RMD-L	L-9025	251029	https://www.myactuator.com/_files/archives/cab28a_a20825aa499746acaa39b835e8105b7c.zip?dn=L-9025-251029.zip
CEM	CEM-25	251014	https://www.myactuator.com/_files/archives/cab28a_4e778ee17a94420cb983753d9f233419.zip?dn=CEM-25-251014.zip
CEM	CEM-45	251014	https://www.myactuator.com/_files/archives/cab28a_9adbd8660c5d4021941e00ff33d6cfb8.zip?dn=CEM-45-251014.zip
RMD-H	H-50-15	241210	https://www.myactuator.com/_files/archives/cab28a_6903be9534a24d18a73b4810ef814cda.zip?dn=H-50-15-241210.zip
RMD-H	H-70-15	241210	https://www.myactuator.com/_files/archives/cab28a_c547e61a653445b8b9e67eaab298c852.zip?dn=H-70-15-241210.zip
RMD-H	H-90-15	241210	https://www.myactuator.com/_files/archives/cab28a_4bf7645f585e42028281342427aa16f3.zip?dn=H-90-15-241210.zip
FL-FLO	FL-38-08	250403	https://www.myactuator.com/_files/archives/cab28a_d1e7484dfb29442d90243a85830d2f3f.zip?dn=FL-38-08-250403.zip
FL-FLO	FL-50-08	250403	https://www.myactuator.com/_files/archives/cab28a_c54c818aec464293b593616d4293de08.zip?dn=FL-50-08-%E9%9C%8D%E5%B0%94-250403.zip
FL-FLO	FL-50-15	250403	https://www.myactuator.com/_files/archives/cab28a_ee4d6e556bbb4fe187084bdb13cd0771.zip?dn=FL-50-15-%E9%9C%8D%E5%B0%94-250403.zip
FL-FLO	FL-70-10	250403	https://www.myactuator.com/_files/archives/cab28a_6c6b1cf7be714f5db8a3c35ea44ec4ac.zip?dn=FL-70-10-%E9%9C%8D%E5%B0%94-250403.zip
FL-FLO	FL-70-16	250403	https://www.myactuator.com/_files/archives/cab28a_0c839c1ef2fa47008ef4750f0338c4c5.zip?dn=FL-70-16-%E9%9C%8D%E5%B0%94-250403.zip
FL-FLO	FL-85-13	250403	https://www.myactuator.com/_files/archives/cab28a_af3b56fb9e3049dfb674c037bcf90ee7.zip?dn=FL-85-13-%E9%9C%8D%E5%B0%94-250403.zip
FL-FLO	FL-85-23	251119	https://www.myactuator.com/_files/archives/cab28a_a05ffd210b8c488a8e012696aba42342.zip?dn=FL-85-23-251119.zip
FL-FLO	FLO-50-15	20241122	https://www.myactuator.com/_files/archives/cab28a_74b6a279822043169e61547e038c1aa2.zip?dn=FLO-50-15-20241122.zip
FL-FLO	FLO-70-15	20241122	https://www.myactuator.com/_files/archives/cab28a_5b8f05e7d52340c3b1c2c43162b5ca61.zip?dn=FLO-70-15-20241122.zip
FL-FLO	FLO-90-15	20241122	https://www.myactuator.com/_files/archives/cab28a_f4ae0e78828c45e18021c8171a3ac9a0.zip?dn=FLO-90-15-20241122.zip
