series	model	package_revision	archive_filename	archive_sha256	archive_url
RMD-X	X12-320	260703	RMD-X--X12-320--260703.zip	9e8b93ac8b8377e51427eaf8bab92d8c202a8da51890cb4b7cfd243df688d5b9	https://www.myactuator.com/_files/archives/cab28a_437d9139632349b4b59b890b301b2405.zip?dn=RMD-X12-320%20%20260703.zip
RMD-X	X6-60	260703	RMD-X--X6-60--260703.zip	d62e5ca9360052349afc13c1e7f22e234d330c88a8435495be83fff311f33413	https://www.myactuator.com/_files/archives/cab28a_73ee2277286049bf9fc71ed18f7dec1f.zip?dn=RMD-X6-60%20%20260703.zip
RMD-X	X15-450	260703	RMD-X--X15-450--260703.zip	56e520c885ae326db53cf44ab762ba723dea6c1f632e1642b3660fa28c0fcfd1	https://www.myactuator.com/_files/archives/cab28a_f1eba578c465415296406d06cf3feba5.zip?dn=RMD-X15-450%20260703.zip
RMD-X	X4-36	260703	RMD-X--X4-36--260703.zip	4242fb97e9acec56ff82b52b59844404fa2ab66bd093f06b1f0ac3e4f8b88861	https://www.myactuator.com/_files/archives/cab28a_55831324f44f494c9d584df3dfea731a.zip?dn=RMD-X4-36%20260703.zip
RMD-X	X6-7	240403	RMD-X--X6-7--240403.zip	7a0b0c1f72431974e9ccb17087a04747d5bc7bf07e17b3a0814fe9cfb89ddf0f	https://www.myactuator.com/_files/archives/cab28a_f7b799404a994b8c92b31f93e56f9210.zip?dn=X6-7-240403.zip
RMD-X	X6-40	240403	RMD-X--X6-40--240403.zip	598c787769308d80998f8907164b4c682600ed6bc1e9106cf099589dace9a377	https://www.myactuator.com/_files/archives/cab28a_339d07f8f12849e19115516ec2ee69b5.zip?dn=X6-40-240403.zip
RMD-X	X8-25	240814	RMD-X--X8-25--240814.zip	59ed611db63fc4f39ca86b4c7eff0d01bdc1954a358e5fd6a13c442815ff01be	https://www.myactuator.com/_files/archives/cab28a_85824a1893de4b058080c363664a1c9f.zip?dn=X8-25%20%20240814.zip
RMD-X	X6-8	240403	RMD-X--X6-8--240403.zip	e21522fd1d4ae873428bc7353e4aa9fb9e7c55a2fd2dd7badff52d83b29e2945	https://www.myactuator.com/_files/archives/cab28a_dea91bce3ce54bb79854e78cc7f79afc.zip?dn=X6-8-240403.zip
RMD-X	X10-40	240403	RMD-X--X10-40--240403.zip	0c6f3d0ae1959fb2cfd94b9ead007a2b2e355d81abab36df0c0d16dc2658e398	https://www.myactuator.com/_files/archives/cab28a_3b056e2d89b0455fab5e14164e82937b.zip?dn=X10-40-240403.zip
RMD-X	X10-100	240403	RMD-X--X10-100--240403.zip	844f359170c5354e829fa5efc41c4778a0c4e1e2d62bee64a33f52ce2594f0db	https://www.myactuator.com/_files/archives/cab28a_ec7248117963481faafbb6fdf7185e5e.zip?dn=X10-100-240403.zip
RMD-X	X2-7	260519	RMD-X--X2-7--260519.zip	ca94c5859cb878549ae7abd378cbafa1376d2bdfd1a8a912d70164b49eb8115a	https://www.myactuator.com/_files/archives/cab28a_a8be185812d94daca249a7dc923ebe56.zip?dn=RMD-X2-7%20260519.zip
RMD-X	X4-10	260703	RMD-X--X4-10--260703.zip	f9d15500115720544f5c35710707c4b37e2b3fa25dbda8ed8d6879c5fe4dc83e	https://www.myactuator.com/_files/archives/cab28a_026a233a507e45bdae0b607526d0281b.zip?dn=RMD-X4-10%20260703.zip
RMD-X	X8-32	260703	RMD-X--X8-32--260703.zip	d89c950103a45f4dfae54dfd69ae7f21d97683a515f990385765fd4183179b93	https://www.myactuator.com/_files/archives/cab28a_7bc7b6be06384702ab3e30b2f911b91b.zip?dn=RMD-X8-32%20260703.zip
RMD-X	X8-120	260626	RMD-X--X8-120--260626.zip	f5b22b2b6adf8af577aec443153fb468d2412004474ab7d64a10fb9a98d0edaa	https://www.myactuator.com/_files/archives/cab28a_c2d3da522eba4448a67b2b2aef6f434e.zip?dn=X8-120%20260626.zip
RH	RH-14	260617	RH--RH-14--260617.zip	9e78035e795c8a28bb5f3cbaaf720c160812d35c91d88f8f6c6c4d39f84d8066	https://www.myactuator.com/_files/archives/cab28a_3a2517103bb14422b301c0294f701e6b.zip?dn=RH-14%20260617.zip
RH	RH-17	260615	RH--RH-17--260615.zip	02d6c2ad6572fd85a39b6daa977529c77f43a98684fa3d828956d7b2e3adfaa5	https://www.myactuator.com/_files/archives/cab28a_aaa80542e6b7493194e6ce7844050e2d.zip?dn=RH-17%20260615.zip
RH	RH-20	260716	RH--RH-20--260716.zip	32b39922c5f43f15f47389820367bf99ae72f922142e81e3415469950d408813	https://www.myactuator.com/_files/archives/cab28a_1aa64b91843b4a1db4956c2ee90b62ce.zip?dn=RH-20%20260716%20.zip
RH	RH-25	260617	RH--RH-25--260617.zip	d92752257fe6a9cef84f0bb0332fa361445cf2b6577879047e8447c3b8e3a062	https://www.myactuator.com/_files/archives/cab28a_0d37721e151d49d9842d41d6f806140e.zip?dn=RH-25%20260617.zip
RH	RH-32	260617	RH--RH-32--260617.zip	9be7741061c9b4e7af914e2d8093e399b338b84e7576a14bd349ff5dc357ade9	https://www.myactuator.com/_files/archives/cab28a_fe6ac293762d4685b9daee64e66db942.zip?dn=RH-32%20260617.zip
RMD-L	L-4005	251029	RMD-L--L-4005--251029.zip	f8720fe92c4becfe4faacf1b2442dbb4ae01fca6ca4039c6408c708328d64dbf	https://www.myactuator.com/_files/archives/cab28a_b4ad77e81773460499615510faf13004.zip?dn=L-4005-251029.zip
RMD-L	L-4010	251029	RMD-L--L-4010--251029.zip	c5346aef3b41359c60b61a6f88f85c3f5f576b30ad477bf176db3024ea2e1951	https://www.myactuator.com/_files/archives/cab28a_1bff9a88ed6c4091945b02a684f96777.zip?dn=L-4010-251029.zip
RMD-L	L-4015	251029	RMD-L--L-4015--251029.zip	a20f8df826f5ec6d91ea70343c6a48abfefb8f35e4bb5f9a47dbde57c32980d7	https://www.myactuator.com/_files/archives/cab28a_3a4fc7731e424dad80da11f30d878355.zip?dn=L-4015-251029.zip
RMD-L	L-5005	251029	RMD-L--L-5005--251029.zip	42b4f745ff2f5ebba0c7d132f388c547030c43d27067278a3aaf4add8ad3aede	https://www.myactuator.com/_files/archives/cab28a_c35ed01c7b0d47c5b7e25ed70ed57edc.zip?dn=L-5005-251029.zip
RMD-L	L-5010	251029	RMD-L--L-5010--251029.zip	294106112e77e7b964e5a36dd26637cc0a9d5f9ee6a4883c95b800d9a9e47c5c	https://www.myactuator.com/_files/archives/cab28a_bdb66aa139944eb5937a72ab95e48457.zip?dn=L-5010-251029.zip
RMD-L	L-5015	251029	RMD-L--L-5015--251029.zip	c430aaa8e64942ac2b776fbdd301a1ecf179e67ff2166f5d66d611172aeff110	https://www.myactuator.com/_files/archives/cab28a_faa9a45b0d0c48bb8d03471e5be8733a.zip?dn=L-5015-251029.zip
RMD-L	L-7015	251029	RMD-L--L-7015--251029.zip	c42c273bbd64c9c641c942a2f7c82a5c98501859ef0a6e8e416492907e37c58d	https://www.myactuator.com/_files/archives/cab28a_da333fb383e74af4ac6e9e89d8dcba32.zip?dn=L-7015-251029.zip
RMD-L	L-7025	251029	RMD-L--L-7025--251029.zip	01afef81495b124949d3bf4a7c09cd99f888707d28ff72951ef2357f17232461	https://www.myactuator.com/_files/archives/cab28a_ad8f5be9803a4ca7b3d3cdf4497fc5e1.zip?dn=L-7025-251029.zip
RMD-L	L-9015	251029	RMD-L--L-9015--251029.zip	6b6ff656c56394463c0ffe9f8a6458b23e51d66983931ff92b7039c864ae5b49	https://www.myactuator.com/_files/archives/cab28a_cd7bf5d0f3314c009d4453635cdb909f.zip?dn=L-9015-251029.zip
RMD-L	L-9025	251029	RMD-L--L-9025--251029.zip	70d61f2cd878bd73a387da1fec3da2cee60d7019165367a0b1d99aaaf7066e36	https://www.myactuator.com/_files/archives/cab28a_a20825aa499746acaa39b835e8105b7c.zip?dn=L-9025-251029.zip
CEM	CEM-25	251014	CEM--CEM-25--251014.zip	814ec1503401b0f368bcc5adca506001219eb0447486468cb71df6b10e5cbdc7	https://www.myactuator.com/_files/archives/cab28a_4e778ee17a94420cb983753d9f233419.zip?dn=CEM-25-251014.zip
CEM	CEM-45	251014	CEM--CEM-45--251014.zip	9b1b4d3df0b3b6160040665942d321952dc8ccc2871c453a60155368ba0860ca	https://www.myactuator.com/_files/archives/cab28a_9adbd8660c5d4021941e00ff33d6cfb8.zip?dn=CEM-45-251014.zip
RMD-H	H-50-15	241210	RMD-H--H-50-15--241210.zip	711183a963492b8382d701b25c56e0c4771ff3bbef2cd48373905785743d3b22	https://www.myactuator.com/_files/archives/cab28a_6903be9534a24d18a73b4810ef814cda.zip?dn=H-50-15-241210.zip
RMD-H	H-70-15	241210	RMD-H--H-70-15--241210.zip	b00b4cf4ed72a8e37ac7f1246b4f4c6539103b3abcc8ead62ae04830a3aa5e5d	https://www.myactuator.com/_files/archives/cab28a_c547e61a653445b8b9e67eaab298c852.zip?dn=H-70-15-241210.zip
RMD-H	H-90-15	241210	RMD-H--H-90-15--241210.zip	8f6d89d6df100779fb784ae487a4f1e831daceb8c689d76fbab55f72a5b0b65c	https://www.myactuator.com/_files/archives/cab28a_4bf7645f585e42028281342427aa16f3.zip?dn=H-90-15-241210.zip
FL-FLO	FL-38-08	250403	FL-FLO--FL-38-08--250403.zip	8134d55442dbd4cf5ce681ff4d183be971f75fcfcf3e5b0154f50b3ee81340a7	https://www.myactuator.com/_files/archives/cab28a_d1e7484dfb29442d90243a85830d2f3f.zip?dn=FL-38-08-250403.zip
FL-FLO	FL-50-08	250403	FL-FLO--FL-50-08--250403.zip	9b9c801c77a54bbc959a1815396f3253a97a6b4cf52148d10e8739889bd88b16	https://www.myactuator.com/_files/archives/cab28a_c54c818aec464293b593616d4293de08.zip?dn=FL-50-08-%E9%9C%8D%E5%B0%94-250403.zip
FL-FLO	FL-50-15	250403	FL-FLO--FL-50-15--250403.zip	209409bcab808ec8a1092a422b9645e2ef1ad9ef7547d5c77297299cb9e5da02	https://www.myactuator.com/_files/archives/cab28a_ee4d6e556bbb4fe187084bdb13cd0771.zip?dn=FL-50-15-%E9%9C%8D%E5%B0%94-250403.zip
FL-FLO	FL-70-10	250403	FL-FLO--FL-70-10--250403.zip	e86e2a36a969c5f8cbaf9588d30818cddb6b4d5bef8b34f9596e4e6f104f7353	https://www.myactuator.com/_files/archives/cab28a_6c6b1cf7be714f5db8a3c35ea44ec4ac.zip?dn=FL-70-10-%E9%9C%8D%E5%B0%94-250403.zip
FL-FLO	FL-70-16	250403	FL-FLO--FL-70-16--250403.zip	519b516ea1d849e1fcc6a5c5b442669ed2a9a5a694723ad91b64c170d3031c95	https://www.myactuator.com/_files/archives/cab28a_0c839c1ef2fa47008ef4750f0338c4c5.zip?dn=FL-70-16-%E9%9C%8D%E5%B0%94-250403.zip
FL-FLO	FL-85-13	250403	FL-FLO--FL-85-13--250403.zip	552abeb8f523c459f306a1b6dff6de31dffadcad0ccc61e04f90ff492a87b1a5	https://www.myactuator.com/_files/archives/cab28a_af3b56fb9e3049dfb674c037bcf90ee7.zip?dn=FL-85-13-%E9%9C%8D%E5%B0%94-250403.zip
FL-FLO	FL-85-23	251119	FL-FLO--FL-85-23--251119.zip	1c391cc1e3adad72fe69fcc69c3124a2120ff0b7b61ca7df234c7b1dda530e72	https://www.myactuator.com/_files/archives/cab28a_a05ffd210b8c488a8e012696aba42342.zip?dn=FL-85-23-251119.zip
FL-FLO	FLO-50-15	20241122	FL-FLO--FLO-50-15--20241122.zip	1c3e1c695b3cac679e483d1b554afaee1cc17e4b3211513a51ed3a20a66ae6c3	https://www.myactuator.com/_files/archives/cab28a_74b6a279822043169e61547e038c1aa2.zip?dn=FLO-50-15-20241122.zip
FL-FLO	FLO-70-15	20241122	FL-FLO--FLO-70-15--20241122.zip	29830b629382bc76b59dfdb5f770eee884b66f8f20854d65aab4f4e678a75b6a	https://www.myactuator.com/_files/archives/cab28a_5b8f05e7d52340c3b1c2c43162b5ca61.zip?dn=FLO-70-15-20241122.zip
FL-FLO	FLO-90-15	20241122	FL-FLO--FLO-90-15--20241122.zip	8e39e7279812d5c419e0618d4053673aa2c4dba0e3d7537a0b52eaa8b1a235a9	https://www.myactuator.com/_files/archives/cab28a_f4ae0e78828c45e18021c8171a3ac9a0.zip?dn=FLO-90-15-20241122.zip
