series	model	vendor_relative_path	step_sha256	bytes	step_structure	simulation_review	output_member	axis_origin_units_review	redistribution_status
RMD-X	X12-320	RMD-X/X12-320/vendor/RMD-X12-P20-320 电机组合图-A0.STEP	9b1710aef09916c8da02b4e6b750da6bbfe2ba44cad6ba03cd1b53e3858e5eea	4339662	assembly	unreviewed	not_separately_named	unreviewed	license_review_required
RMD-X	X6-60	RMD-X/X6-60/vendor/RMD-X6-P20-60 电机组合图-A0.STEP	7aa150d5ea2d1b81136e4925dd96045c2d3d0a0b9f7d444cb3a02084c88e9cdd	4384201	assembly	unreviewed	not_separately_named	unreviewed	license_review_required
RMD-X	X15-450	RMD-X/X15-450/vendor/RMD-X15-P20-450 电机组合图-A0.STEP	707843e9e9b5d3406f607c9e89d63f87bd13adde82f80d7ab55cd3ca36c40988	5178717	assembly	unreviewed	not_separately_named	unreviewed	license_review_required
RMD-X	X4-36	RMD-X/X4-36/vendor/RMD-X4-P36-36 电机组合图-A0.STEP	c20260bf8faf780d9bdd4599f7cc973bf42951f683b1b953af6082ff7c5ef51c	1921263	assembly	unreviewed	not_separately_named	unreviewed	license_review_required
RMD-X	X6-7	RMD-X/X6-7/vendor/X6-7/(RMD-X6 1г║6 V2) Product information 240220/2D 3D/RMD-X6 1г║6 V2.step	3054c529935d1bdf650d6e156f597701403f06039434710f3281135b7fabea3c	362233	flattened	unreviewed	not_separately_named	unreviewed	license_review_required
RMD-X	X6-7	RMD-X/X6-7/vendor/X6-7/X6-7 Product information 240403/2D 3D/X6-7(RMD-X6 1г║6 V2).step	3054c529935d1bdf650d6e156f597701403f06039434710f3281135b7fabea3c	362233	flattened	unreviewed	not_separately_named	unreviewed	license_review_required
RMD-X	X6-40	RMD-X/X6-40/vendor/X6-40/(RMD-X6-S2 1г║36 V2) Product information 240220/2D 3D/RMD-X6-S2 1г║36 V2.step	41ceb872d086221b45aa0f7422a2df01944a5ab8d0a8e13766184feb977782f6	573375	flattened	unreviewed	not_separately_named	unreviewed	license_review_required
RMD-X	X6-40	RMD-X/X6-40/vendor/X6-40/X6-40 Product information 240403/2D 3D/X6-40 (RMD-X6-S2 1г║36 V2).step	41ceb872d086221b45aa0f7422a2df01944a5ab8d0a8e13766184feb977782f6	573375	flattened	unreviewed	not_separately_named	unreviewed	license_review_required
RMD-X	X8-25	RMD-X/X8-25/vendor/X8-25 Product information 240814/2D 3D/X8-25 (RMD-X8 PRO 1：9 V2).step	751dcbccb675b6ac1ee2d745dea1e158857f459fe21ae3ca11c054c6931677c9	5151412	flattened	unreviewed	not_separately_named	unreviewed	license_review_required
RMD-X	X6-8	RMD-X/X6-8/vendor/X6-8/(RMD-X6 1г║8 V3) Product information 240220/2D 3D/RMD-X6-P8 V3.step	acc58264e35a36f8aab6f65b11db023df11c65fb6a29ea8300b56068cfc0b424	2116541	flattened	unreviewed	not_separately_named	unreviewed	license_review_required
RMD-X	X6-8	RMD-X/X6-8/vendor/X6-8/X6-8 Product information 240403/2D 3D/X6-8(RMD-X6 1г║8 V3).step	acc58264e35a36f8aab6f65b11db023df11c65fb6a29ea8300b56068cfc0b424	2116541	flattened	unreviewed	not_separately_named	unreviewed	license_review_required
RMD-X	X10-40	RMD-X/X10-40/vendor/X10-40/(RMD-X10 1г║7 V3)Product information 240220/2D 3D/RMD-X10 1г║7 V3.step	b6150ffd1bc9c296c18013238e7250f54034de5b6b26537060f6a76157ff30f6	2713841	flattened	unreviewed	not_separately_named	unreviewed	license_review_required
RMD-X	X10-40	RMD-X/X10-40/vendor/X10-40/X10-40 Product information 240403/2D 3D/X10-40(RMD-X10 1г║7 V3).step	b6150ffd1bc9c296c18013238e7250f54034de5b6b26537060f6a76157ff30f6	2713841	flattened	unreviewed	not_separately_named	unreviewed	license_review_required
RMD-X	X10-100	RMD-X/X10-100/vendor/X10-100/(RMD-X10-S2 V3)Product information 240220/2D 3D/RMD-X10-S2 V3.step	81304836d486734067048fb8130e1cfd7043c1a70496f2d180ce768ed2618ade	2516211	flattened	unreviewed	not_separately_named	unreviewed	license_review_required
RMD-X	X10-100	RMD-X/X10-100/vendor/X10-100/X10-100 Product information 240403/2D 3D/X10-100(RMD-X10-S2 V3).step	81304836d486734067048fb8130e1cfd7043c1a70496f2d180ce768ed2618ade	2516211	flattened	unreviewed	not_separately_named	unreviewed	license_review_required
RMD-X	X2-7	RMD-X/X2-7/vendor/RMD-X2-P28-7 电机组合图-A0.STEP	b46d560ca3ea90fc05f4a52341cd0b5cc703100e9808b44dbf5ef33e7ae0c7b2	1648091	assembly	unreviewed	not_separately_named	unreviewed	license_review_required
RMD-X	X4-10	RMD-X/X4-10/vendor/RMD-X4-P12.5-10 电机组合图-A0.STEP	c549a02aa8293449685ca41413cd6fdd69314fa5c67698b76235de5d2cd5b321	1506392	assembly	unreviewed	not_separately_named	unreviewed	license_review_required
RMD-X	X8-32	RMD-X/X8-32/vendor/RMD-X8-P9-32-R-电机组合图-B.STEP	9798fab437ec5d6799c80834a2d5b21cc016b71c9b2f520ee56ddc0655735f1b	2496890	assembly	unreviewed	not_separately_named	unreviewed	license_review_required
RMD-X	X8-120	RMD-X/X8-120/vendor/RMD-X8-P20-120 电机组合图 -A0.STEP	8b1c56cbd29f4c8d9710e351636064991d982d8823158b668fdda4f69aa536aa	3289212	assembly	unreviewed	not_separately_named	unreviewed	license_review_required
RH	RH-14	RH/RH-14/vendor/RH-14-N/RH-14-100-E-N-D-电机组合图-A0.STEP	6b0acdb82140b487be079b5515718157d16d512f3a584ac5439fe55380e7b595	1990492	assembly	unreviewed	not_separately_named	unreviewed	license_review_required
RH	RH-17	RH/RH-17/vendor/RH-17-B/RH-17-100-E-B-D-电机组合图-A.STEP	02424efbc162b8832f1bf4d73cf9af45d0c45d8385cadb8685e1670e2b07ae33	4824391	assembly	unreviewed	not_separately_named	unreviewed	license_review_required
RH	RH-17	RH/RH-17/vendor/RH-17-N/RH-17-100-E-N-D-电机组合图-A.STEP	7e5494085f6091c5db928ab52a7cc143b6458ddfd35a27ca5b1af37bdaafb8b5	4144407	assembly	unreviewed	not_separately_named	unreviewed	license_review_required
RH	RH-20	RH/RH-20/vendor/RH-20-B/RH-20-100-E-B-D-电机组合图 A.STEP	7ad6339aed87f0aee08e39f91d3c52c0f25b5b5745defb0b43b12c2e9d63b1e0	14513402	assembly	unreviewed	not_separately_named	unreviewed	license_review_required
RH	RH-20	RH/RH-20/vendor/RH-20-N/RH-20-100-E-N-D-电机组合图 A.STEP	db9b18ff801ee812c031000ba19f434161247dbac12309b46a9e25a5fa59159a	14116862	assembly	unreviewed	not_separately_named	unreviewed	license_review_required
RH	RH-25	RH/RH-25/vendor/RH-25-B/RH-25-100-E-B-D-电机组合图-A0.STEP	d844bc7dfe5c398b0447ea0d93eef77b7cb1bdaa0dbabd603031482c1909f07e	2836196	assembly	unreviewed	not_separately_named	unreviewed	license_review_required
RH	RH-25	RH/RH-25/vendor/RH-25-N/RH-25-100-E-N-D-电机组合图-A0.STEP	1aa25ae2e93009a6b72239d8b08acdd91dde3e1b3e902b2c28b221bffb973312	2651233	assembly	unreviewed	not_separately_named	unreviewed	license_review_required
RH	RH-32	RH/RH-32/vendor/RH-32-B/RH-32-100-E-B-D-电机组合图-A0.STEP	d4108f26134abe3de0a80bb50d1872ea308305be0b33dae09682fa737723fa3d	2158134	assembly	unreviewed	not_separately_named	unreviewed	license_review_required
RH	RH-32	RH/RH-32/vendor/RH-32-N/RH-32-100-E-N-D-电机组合图-A0.STEP	242bd9c29aaefe6841aeb23be7ce837e5880df1f303e158d93d7501997d12234	1886382	assembly	unreviewed	not_separately_named	unreviewed	license_review_required
RMD-L	L-4005	RMD-L/L-4005/vendor/L-4005-251029/2D3D/RMD-4005三维图/RMD-4005.step	627c4ba70869a262aadd4d598e57b8e682741e1f8316575401e3b9514f2335d0	561496	flattened	unreviewed	not_separately_named	unreviewed	license_review_required
RMD-L	L-4010	RMD-L/L-4010/vendor/L-4010-251029/2D3D/RMD-4010三维图/RMD-4010.step	053ec7291db3b1254344d2e7de474955d05c722396e7fcf373f7a6596dc5dbb1	706830	flattened	unreviewed	not_separately_named	unreviewed	license_review_required
RMD-L	L-4015	RMD-L/L-4015/vendor/L-4015-251029/2D3D/RMD-4015三维图/RMD-4015.step	56cd81678baf8e6e7bf3214e528d1b384dcd7debb5257556b86e73d7f227d793	719047	flattened	unreviewed	not_separately_named	unreviewed	license_review_required
RMD-L	L-5005	RMD-L/L-5005/vendor/2D3D/RMD-5005(大孔)三维图/RMD-5005（12.7大孔）.STEP	900d4184fa8fbce3177934e39cf9c0ce708021eac973829693b0cc863f4236de	1290638	assembly	unreviewed	not_separately_named	unreviewed	license_review_required
RMD-L	L-5010	RMD-L/L-5010/vendor/2D3D/RMD-5010(大孔)三维图/RMD-5010（12.7大孔）.STEP	e48765ea6bc1ad6741bd067442b1a5c2194ec55082f18d9d5493a5b0196ba4c2	1397412	assembly	unreviewed	not_separately_named	unreviewed	license_review_required
RMD-L	L-5015	RMD-L/L-5015/vendor/2D3D/RMD-5015(大孔)三维图/RMD-5015（12.7大孔）.STEP	c8635267daf0112668d4ab806fbd6dc0765cd5927b249c73897887d31ed472a3	1287252	assembly	unreviewed	not_separately_named	unreviewed	license_review_required
RMD-L	L-7015	RMD-L/L-7015/vendor/L-7015-251029/2D3D/RMD-7015三维图/RMD-7015.step	5aebf7958263085b3d8038ebf91326a3d9c3c0e56158e3e81c1eff8726e09772	781788	flattened	unreviewed	not_separately_named	unreviewed	license_review_required
RMD-L	L-7025	RMD-L/L-7025/vendor/L-7025-251029/2D3D/RMD-7025三维图/RMD-7025.step	204d0ec9a6ddf6a6b15bfc6aba954f378a7db14e054b73e32df82da1ccbfb5b1	1346203	flattened	unreviewed	not_separately_named	unreviewed	license_review_required
RMD-L	L-9015	RMD-L/L-9015/vendor/L-9015-251029/2D3D/RMD-9015三维图/RMD-9015.step	b9f2810be98ff13bbbbf46eb63d17e1c1c955ab49926d74cb3c64dffb71f1a1d	1125003	flattened	unreviewed	not_separately_named	unreviewed	license_review_required
RMD-L	L-9025	RMD-L/L-9025/vendor/L-9025-251029/2D3D/RMD-9025三维图/RMD-9025.step	9509f74b2d2621d3e6a8fcf5117789d399a4e6cd238f306c3d807cb7d7a523cc	1143199	flattened	unreviewed	not_separately_named	unreviewed	license_review_required
CEM	CEM-25	CEM/CEM-25/vendor/CEM-25-251014/2D3D/CEM25-3D.STEP	7cc8ae9050419bc90f1638bb4c2ab926859f5714c6217c4cd82473c2001b653d	2563214	flattened	unreviewed	not_separately_named	unreviewed	license_review_required
CEM	CEM-45	CEM/CEM-45/vendor/CEM-45-251014/2D3D/CEM-45-3D.STEP	50a4db623d01704793c55c5ad57baab1108b705e989eaa5ee59c65acdb0a585d	2558082	flattened	unreviewed	not_separately_named	unreviewed	license_review_required
RMD-H	H-50-15	RMD-H/H-50-15/vendor/H-50-15-241210/RMD-H-50-15.STEP	564785527811bc6942ae513b9f3255b28f9b6e3def440be8724e5b4fb323b967	1533011	assembly	unreviewed	not_separately_named	unreviewed	license_review_required
RMD-H	H-70-15	RMD-H/H-70-15/vendor/H-70-15-241210/RMD-H-70-15.STEP	e13345f07b191bdd935e028753d09d17f0e6ca57a7231832eeda9b64b58193bf	7630063	assembly	unreviewed	not_separately_named	unreviewed	license_review_required
RMD-H	H-90-15	RMD-H/H-90-15/vendor/H-90-15-241210/RMD-H-90-15.STEP	139c8d63a6021976f748c559b9744858a1ce09b8b5212777a153cedd272f698e	1069120	assembly	unreviewed	not_separately_named	unreviewed	license_review_required
FL-FLO	FL-38-08	FL-FLO/FL-38-08/vendor/FL-38-08-250403/FL-38-08.STEP	f1abae74d6bf7cbb9a336c03066cd10bd1369019b78643384a2855b67fd82ea1	3369935	flattened	unreviewed	not_separately_named	unreviewed	license_review_required
FL-FLO	FL-50-08	FL-FLO/FL-50-08/vendor/FL-50-08-霍尔-250403/FL-50-08-霍尔.STEP	a3378d08a0191ce92db66b7958ea1128c0ec68b9f25e3c9490efac55fab54919	12764764	flattened	unreviewed	not_separately_named	unreviewed	license_review_required
FL-FLO	FL-50-15	FL-FLO/FL-50-15/vendor/FL-50-15-霍尔-250403/FL-50-15-霍尔.STEP	94ca843a36a43bca2e2a90e68d20639b5a935ca035df0bf9d7834cf8b75f0f71	13369674	flattened	unreviewed	not_separately_named	unreviewed	license_review_required
FL-FLO	FL-70-10	FL-FLO/FL-70-10/vendor/FL-70-10-霍尔-250403/FL-70-10-霍尔.STEP	0402f5c7cd56b931ea3fd58f773c98c69feb10765eda11e89f77c7557700a343	22948116	flattened	unreviewed	not_separately_named	unreviewed	license_review_required
FL-FLO	FL-70-16	FL-FLO/FL-70-16/vendor/FL-70-16-霍尔-250403/FL-70-16-霍尔.STEP	9aa432e36490f82916b2611d9dbc0866f1e7c1d989254029b314e8aa1a9190cc	75219363	flattened	unreviewed	not_separately_named	unreviewed	license_review_required
FL-FLO	FL-85-13	FL-FLO/FL-85-13/vendor/FL-85-13-霍尔-250403/FL-85-13-霍尔.STEP	079127720258cf123b37b6c501c134af1a9b5accc46b582a652680f8fea54f85	20504352	flattened	unreviewed	not_separately_named	unreviewed	license_review_required
FL-FLO	FL-85-23	FL-FLO/FL-85-23/vendor/FL-85-23-251119/FL-85-23-.STEP	33725d57b8e3f86c7783a08eb8c29e5a850fd942e0afd61cd5c49ed40318beab	2881866	flattened	unreviewed	not_separately_named	unreviewed	license_review_required
FL-FLO	FLO-50-15	FL-FLO/FLO-50-15/vendor/FLO-50-15-20241122/FLO-50-15.STEP	14a717df6f4dda27fafabcd579e1b69b02a892a5f4caddfbfff29fe61ac4078c	4159960	assembly	unreviewed	not_separately_named	unreviewed	license_review_required
FL-FLO	FLO-70-15	FL-FLO/FLO-70-15/vendor/FLO-70-15-20241122/FLO-70-15.STEP	ea166d71408d90f6d9b61f2c6925913c3074724a971929f1e0d264d42aaa405f	3923319	assembly	unreviewed	not_separately_named	unreviewed	license_review_required
FL-FLO	FLO-90-15	FL-FLO/FLO-90-15/vendor/FLO-90-15-20241122/FLO-90-15.STEP	cba893975b9be1a20c1a273d4f1194b9124f5b09b8e04d2dccf8222e6bcfc211	4367530	assembly	unreviewed	not_separately_named	unreviewed	license_review_required
