filename	sha256	bytes
aiohappyeyeballs-2.7.1-py3-none-any.whl	9243213661e29250eb41368e5daa826fc017156c3b8a11440826b2e3ed376472	15038
aiohttp-3.14.3-cp312-cp312-manylinux2014_x86_64.manylinux_2_17_x86_64.manylinux_2_28_x86_64.whl	543906c127fb1d929b95076db19b83fa2d46751006ff1e23b093aa5ac4d8db42	1792122
aiosignal-1.4.0-py3-none-any.whl	053243f8b92b990551949e63930a839ff0cf0b0ebbe0597b0f3fb19e1a0fe82e	7490
attrs-26.1.0-py3-none-any.whl	c647aa4a12dfbad9333ca4e71fe62ddc36f4e63b2d260a37a8b83d2f043ac309	67548
cadquery-2.8.0-py3-none-any.whl	0acaddf36415551c26c3f8237907980ba86c277e211c32398121c839f719c81f	201893
cadquery_ocp-7.9.3.1.1-cp312-cp312-manylinux_2_31_x86_64.whl	10648a9edc7a9a915816f57b4b3b02fc89530db009e5b5d8d4bfad30fe6d9685	67802120
cadquery_ocp_proxy-7.9.3.1.1-py3-none-any.whl	ca4164ec4b54956d9fc3e68c67d555b5486cb963c2f71e18df005ba16b921c91	3322
casadi-3.7.2-cp312-none-manylinux2014_x86_64.whl	cde616930fa1440ad66f1850670399423edd37354eed9b12e74b3817b98d1187	75568903
contourpy-1.3.3-cp312-cp312-manylinux_2_27_x86_64.manylinux_2_28_x86_64.whl	4d00e655fcef08aba35ec9610536bfe90267d7ab5ba944f7032549c55a146da1	362601
cycler-0.12.1-py3-none-any.whl	85cef7cff222d8644161529808465972e51340599459b8ac3ccbac5a854e0d30	8321
ezdxf-1.4.4-cp312-cp312-manylinux_2_17_x86_64.manylinux2014_x86_64.whl	44af248af0860fe8b1a39ca40e1cd2fa8ac37b22142b14b20c6a0caf1b50f932	5816781
fonttools-4.63.0-cp312-cp312-manylinux2014_x86_64.manylinux_2_17_x86_64.whl	58dc6bb86a78d782f00f9190ca02c119cf5bbe2807536e361e18d42019f877d8	4999800
frozenlist-1.8.0-cp312-cp312-manylinux1_x86_64.manylinux_2_28_x86_64.manylinux_2_5_x86_64.whl	494a5952b1c597ba44e0e78113a7266e656b9794eec897b19ead706bd7074383	242411
idna-3.18-py3-none-any.whl	7f952cbe720b688055e3f87de14f5c3e5fdaa8bc3928985c4077ca689de849a2	65455
kiwisolver-1.5.0-cp312-cp312-manylinux2014_x86_64.manylinux_2_17_x86_64.whl	bb5136fb5352d3f422df33f0c879a1b0c204004324150cc3b5e3c4f310c9049f	1477934
llvmlite-0.48.0-cp312-cp312-manylinux2014_x86_64.manylinux_2_17_x86_64.whl	416fa4c2c66c2c6dc6d0a402648c19206e548efa0aa1eff01ad5cdad0af8217d	59890118
matplotlib-3.11.1-cp312-cp312-manylinux2014_x86_64.manylinux_2_17_x86_64.whl	ba8f811b8ddfac493734d6af0b2dff96919d0c28ca0d641858dab4262777c6ea	10035615
more_itertools-11.1.0-py3-none-any.whl	4b65538ae22f6fed0ce4874efd317463a7489796a0939fa66824dd542125a192	72226
msgpack-1.2.1-cp312-cp312-manylinux2014_x86_64.manylinux_2_17_x86_64.manylinux_2_28_x86_64.whl	020e881a764b20d8d7ca1a54fc01b8175519d108e3c3f194fddc200bda95951a	419989
multidict-6.7.1-cp312-cp312-manylinux2014_x86_64.manylinux_2_17_x86_64.manylinux_2_28_x86_64.whl	bfde23ef6ed9db7eaee6c37dcec08524cb43903c60b285b172b6c094711b3961	256322
multimethod-1.12-py3-none-any.whl	fd0c473c43558908d97cc06e4d68e8f69202f167db46f7b4e4058893e7dbdf60	10646
nlopt-2.11.0-cp312-cp312-manylinux_2_24_x86_64.manylinux_2_28_x86_64.whl	b7ea0d34cb00ed71fb032ff24a1b5599a61ca0101984c3fdfd954eca569e8ad2	402848
numba-0.66.0-cp312-cp312-manylinux2014_x86_64.manylinux_2_17_x86_64.whl	0999e3ee1b18c48e1fb51d11af35ef59852c7f4f50569c9550c25faef0616ad1	3866252
numpy-2.4.6-cp312-cp312-manylinux_2_27_x86_64.manylinux_2_28_x86_64.whl	90f9849678c75fe7afa2d348ac842c168b0a4d3d61919687216dfc547976d853	16645538
packaging-26.2-py3-none-any.whl	5fc45236b9446107ff2415ce77c807cee2862cb6fac22b8a73826d0693b0980e	100195
pillow-12.3.0-cp312-cp312-manylinux_2_27_x86_64.manylinux_2_28_x86_64.whl	78cb2c6865a35ab8ff8b75fd122f6033b92a62c82801110e48ddd6c936a45d91	6940830
propcache-0.5.2-cp312-cp312-manylinux2014_x86_64.manylinux_2_17_x86_64.manylinux_2_28_x86_64.whl	6f328175a2cde1f0ff2c4ed8ce968b9dcfb55f3a7153f39e2957ed994da13476	61639
pyparsing-3.3.2-py3-none-any.whl	850ba148bd908d7e2411587e247a1e4f0327839c40e2e5e6d05a007ecc69911d	122781
python_dateutil-2.9.0.post0-py2.py3-none-any.whl	a8b2bc7bffae282281c8140a97d3aa9c14da0b136dfe83f850eea9a5f7470427	229892
pyyaml-6.0.3-cp312-cp312-manylinux2014_x86_64.manylinux_2_17_x86_64.manylinux_2_28_x86_64.whl	ba1cc08a7ccde2d2ec775841541641e4548226580ab850948cbfda66a1befcdc	807870
runtype-0.5.3-py3-none-any.whl	ea8cc6828217ebfda5c159dce969e832efd865a09d6ad1fc993f5bf5e1a627ee	31944
scipy-1.18.0-cp312-cp312-manylinux_2_27_x86_64.manylinux_2_28_x86_64.whl	1f55797419e16e7f30cf88ffb3113ce0467f00cfe3f70d5c281730b21769bfc2	35287115
six-1.17.0-py2.py3-none-any.whl	4721f391ed90541fddacab5acf947aa0d3dc7d27b2e1e8eda2be8970586c3274	11050
trame-3.13.2-py3-none-any.whl	23e87a65a6ea9241ce1060e9cd01426e48b3b8b72cd9f3cb974fc398649280b6	31514
trame_client-3.13.2-py3-none-any.whl	a22f118522ad8c0a8063186a8b1c77e06dc0e577e1f32d879710ca0344a124d9	251659
trame_common-1.2.4-py3-none-any.whl	479d956c9e5bbc7261085f09936ccff3614f10d6a83e55c1bbb8f24526f11aef	23826
trame_components-2.5.0-py3-none-any.whl	897a6c0ebcc72d95a461bde28d2c2e37c4bc4922013ad07df3a65e64d4884672	82345
trame_server-3.12.5-py3-none-any.whl	d1420b8f6639b8faeb27e5a34777545b786662160fb64996ea779dbbcff57453	44414
trame_vtk-2.11.13-py3-none-any.whl	374c7967875cebc49d3eb21a247725e0508a65864732a3e11d3aeece8f08a3dd	853408
trame_vuetify-3.2.5-py3-none-any.whl	533470daa6f4d233f2eeb7434a312062bc30fb1b2d8cb341a5d9934ff7880303	5160276
typing_extensions-4.16.0-py3-none-any.whl	481caa481374e813c1b176ada14e97f1f67a4539ce9cfeb3f350d78d6370c2e8	45571
vtk-9.6.2-cp312-cp312-manylinux2014_x86_64.manylinux_2_17_x86_64.whl	8c9f31430d15afbf46c2076cf3e30b4d6136512a5faabee8318552ccea907323	146027355
wslink-2.5.7-py3-none-any.whl	47d729f654d1ee0bb42b6f05b068c48d5fdacd3216e827c1e80ea09eca0fe287	37353
yarl-1.24.5-cp312-cp312-manylinux2014_x86_64.manylinux_2_17_x86_64.manylinux_2_28_x86_64.whl	f08c7513ecef5aad65687bfdf6bc601ae9fccd04a42904501f8f7141abad9eb9	109835
